01:09;Find note;
02:07;Find note;
02:11;Show all notes;
02:12;Show all notes;
02:12;Find note;
02:13;Find note;
02:13;Find note;
02:18;Show all notes;
02:18;Show all notes;
02:23;Find note;
02:23;Find note;
03:23;Find note;
03:23;Find note;
03:23;Find note;
03:28;Add note;
03:28;Show all notes;
03:49;Find note;
03:49;Find note;
03:49;Find note;
03:50;Find note;
03:51;Find note;
03:53;Find note;
03:55;Find note;
03:56;Find note;
04:07;Find note;
04:07;Find note;
04:09;Show all notes;
04:19;Find note;
04:24;Find note;
04:25;Find note;
04:49;Find note;
04:49;Show all notes;
04:53;Find note;
04:54;Find note;
04:57;Find note;
05:22;Find note;
05:22;Show all notes;
05:25;Find note;
10:55;Find note;
11:02;Find note;
11:15;Find note;
11:19;Find note;
11:21;Find note;
11:24;Find note;
11:25;Find note;
11:28;Find note;
11:29;Find note;
11:34;Find note;
11:35;Find note;
11:35;Find note;
12:57;Find note;
12:58;Find note;
13:03;Find note;
13:07;Find note;
13:09;Find note;
13:13;Find note;
13:14;Find note;
13:14;Show all notes;
13:15;Find note;
13:16;Show all notes;
13:17;Find note;
13:18;Show all notes;
13:21;Find note;
13:21;Show all notes;
13:26;Show all notes;
13:28;Show all notes;
13:37;Find note;
13:37;Show all notes;
13:44;Find note;
13:44;Show details note;
